input_1,1,0,210.006
conv2d_1/convolution,1,21.845,206.296
batch_normalization_1/cond/Merge,1,53.8577,205.672
leaky_re_lu_1/sub,1,57.782,204.156
conv2d_2/convolution,1,69.0192,200.021
batch_normalization_2/cond/Merge,1,83.6124,199.995
leaky_re_lu_2/sub,1,86.3591,201.809
conv2d_3/convolution,1,92.0959,197.525
batch_normalization_3/cond/Merge,1,100.002,196.772
leaky_re_lu_3/sub,1,100.664,196.698
conv2d_4/convolution,1,101.623,196.53
batch_normalization_4/cond/Merge,1,106.716,199.029
leaky_re_lu_4/sub,1,105.947,195.817
conv2d_5/convolution,1,112.459,197.555
batch_normalization_5/cond/Merge,1,119.271,196.238
leaky_re_lu_5/sub,1,122.363,199.597
conv2d_6/convolution,1,130.603,198.375
batch_normalization_6/cond/Merge,1,135.888,199.71
leaky_re_lu_6/sub,1,133.036,194.653
conv2d_7/convolution,1,135.231,197.053
batch_normalization_7/cond/Merge,1,137.264,194.336
leaky_re_lu_7/sub,1,137.862,195.398
conv2d_8/convolution,1,145.662,196.056
batch_normalization_8/cond/Merge,1,149.572,194.698
leaky_re_lu_8/sub,1,151.645,196.736
conv2d_9/convolution,1,161.142,195.471
batch_normalization_9/cond/Merge,1,161.204,192.563
leaky_re_lu_9/sub,1,161.315,191.744
conv2d_10/convolution,1,164.227,194.282
batch_normalization_10/cond/Merge,1,166.411,194.485
leaky_re_lu_10/sub,1,164.377,191.09
conv2d_11/convolution,1,174.195,191.55
batch_normalization_11/cond/Merge,1,178.082,192.908
leaky_re_lu_11/sub,1,178.743,193.523
conv2d_12/convolution,1,181.097,193.535
batch_normalization_12/cond/Merge,1,181.912,192.634
leaky_re_lu_12/sub,1,180.713,189.951
conv2d_13/convolution,1,186.888,188.162
batch_normalization_13/cond/Merge,1,189.6,187.891
leaky_re_lu_13/sub,1,187.818,184.066
batch_normalization_22/cond/Merge,1,211.348,1.06191
leaky_re_lu_22/sub,1,209.996,0.931162
conv2d_22/convolution,1,212.575,11.5971
concatenate_1/concat,1,204.285,54.9572
conv2d_24/BiasAdd,1,212.831
input_1,1,0,214.739
conv2d_1/convolution,1,21.9675,215.282
batch_normalization_1/cond/Merge,1,53.9954,208.255
leaky_re_lu_1/sub,1,58.508,204.623
conv2d_2/convolution,1,70.879,203.55
batch_normalization_2/cond/Merge,1,83.6421,199.884
leaky_re_lu_2/sub,1,86.6353,201.809
conv2d_3/convolution,1,92.8957,199.054
batch_normalization_3/cond/Merge,1,101.61,199.502
leaky_re_lu_3/sub,1,101.232,196.77
conv2d_4/convolution,1,103.106,199.235
batch_normalization_4/cond/Merge,1,105.547,197.183
leaky_re_lu_4/sub,1,105.279,195.479
conv2d_5/convolution,1,112.769,197.619
batch_normalization_5/cond/Merge,1,120.341,198.368
leaky_re_lu_5/sub,1,121.319,197.551
conv2d_6/convolution,1,128.709,196.129
batch_normalization_6/cond/Merge,1,132.671,194.536
leaky_re_lu_6/sub,1,134.589,197.361
conv2d_7/convolution,1,133.841,194.811
batch_normalization_7/cond/Merge,1,136.15,193.641
leaky_re_lu_7/sub,1,136.68,193.699
conv2d_8/convolution,1,144.388,194.805
batch_normalization_8/cond/Merge,1,148.635,193.481
leaky_re_lu_8/sub,1,151.327,195.999
conv2d_9/convolution,1,160.939,195.277
batch_normalization_9/cond/Merge,1,160.931,192.289
leaky_re_lu_9/sub,1,160.841,191.327
conv2d_10/convolution,1,162.761,191.748
batch_normalization_10/cond/Merge,1,165.317,193.839
leaky_re_lu_10/sub,1,165.568,192.193
conv2d_11/convolution,1,173.828,190.924
batch_normalization_11/cond/Merge,1,175.955,190.539
leaky_re_lu_11/sub,1,177.575,191.012
conv2d_12/convolution,1,179.592,191.669
batch_normalization_12/cond/Merge,1,180.487,190.67
leaky_re_lu_12/sub,1,182.668,192.928
conv2d_13/convolution,1,189.901,191.132
batch_normalization_13/cond/Merge,1,186.914,184.844
leaky_re_lu_13/sub,1,186.772,183.999
batch_normalization_22/cond/Merge,1,211.479,1.18402
leaky_re_lu_22/sub,1,209.585,0.780585
conv2d_22/convolution,1,214.6,11.2989
concatenate_1/concat,1,202.739,55.0856
conv2d_24/BiasAdd,1,213.779
input_1,1,0,212.184
conv2d_1/convolution,1,22.5374,215.292
batch_normalization_1/cond/Merge,1,50.5157,207.534
leaky_re_lu_1/sub,1,58.2931,210.278
conv2d_2/convolution,1,70.6057,203.393
batch_normalization_2/cond/Merge,1,83.6668,200.082
leaky_re_lu_2/sub,1,85.1964,199.429
conv2d_3/convolution,1,92.2989,197.854
batch_normalization_3/cond/Merge,1,99.4985,197.727
leaky_re_lu_3/sub,1,101.759,198.607
conv2d_4/convolution,1,102.919,199.965
batch_normalization_4/cond/Merge,1,107.031,198.321
leaky_re_lu_4/sub,1,108.386,199.027
conv2d_5/convolution,1,112.151,197.85
batch_normalization_5/cond/Merge,1,119.673,195.671
leaky_re_lu_5/sub,1,120.527,195.838
conv2d_6/convolution,1,128.103,195.739
batch_normalization_6/cond/Merge,1,132.902,195.612
leaky_re_lu_6/sub,1,133.182,194.427
conv2d_7/convolution,1,133.594,193.726
batch_normalization_7/cond/Merge,1,135.627,193.941
leaky_re_lu_7/sub,1,138.295,195.754
conv2d_8/convolution,1,144.223,194.972
batch_normalization_8/cond/Merge,1,148.084,194.814
leaky_re_lu_8/sub,1,150.251,196.409
conv2d_9/convolution,1,156.939,191.859
batch_normalization_9/cond/Merge,1,159.981,191.923
leaky_re_lu_9/sub,1,160.878,192.196
conv2d_10/convolution,1,163.365,193.712
batch_normalization_10/cond/Merge,1,165.938,194.206
leaky_re_lu_10/sub,1,164.38,190.809
conv2d_11/convolution,1,173.5,191.071
batch_normalization_11/cond/Merge,1,175.813,190.2
leaky_re_lu_11/sub,1,177.031,191.261
conv2d_12/convolution,1,177.684,190.234
batch_normalization_12/cond/Merge,1,180.786,192.047
leaky_re_lu_12/sub,1,182.832,193.112
conv2d_13/convolution,1,187.415,188.157
batch_normalization_13/cond/Merge,1,186.74,185.105
leaky_re_lu_13/sub,1,186.575,183.314
batch_normalization_22/cond/Merge,1,211.318,1.01899
leaky_re_lu_22/sub,1,210.712,0.780775
conv2d_22/convolution,1,210.149,11.2322
concatenate_1/concat,1,201.987,56.1158
conv2d_24/BiasAdd,1,210.822
input_1,1,0,214.246
conv2d_1/convolution,1,22.4458,211.649
batch_normalization_1/cond/Merge,1,53.2536,206.522
leaky_re_lu_1/sub,1,57.2822,204.831
conv2d_2/convolution,1,69.3163,199.768
batch_normalization_2/cond/Merge,1,85.3545,202.565
leaky_re_lu_2/sub,1,85.9451,201.666
conv2d_3/convolution,1,92.8843,198.412
batch_normalization_3/cond/Merge,1,101.023,200.069
leaky_re_lu_3/sub,1,101.34,197.317
conv2d_4/convolution,1,102.716,198.436
batch_normalization_4/cond/Merge,1,106.35,197.727
leaky_re_lu_4/sub,1,106.881,199.046
conv2d_5/convolution,1,112.882,197.741
batch_normalization_5/cond/Merge,1,119.564,196.861
leaky_re_lu_5/sub,1,120.683,195.923
conv2d_6/convolution,1,128.047,195.906
batch_normalization_6/cond/Merge,1,134.543,197.622
leaky_re_lu_6/sub,1,133.572,195.352
conv2d_7/convolution,1,133.613,194.618
batch_normalization_7/cond/Merge,1,136.503,194.584
leaky_re_lu_7/sub,1,137.409,196.903
conv2d_8/convolution,1,144.715,195.061
batch_normalization_8/cond/Merge,1,148.916,193.667
leaky_re_lu_8/sub,1,150.582,196.651
conv2d_9/convolution,1,159.259,192.949
batch_normalization_9/cond/Merge,1,161.297,193.179
leaky_re_lu_9/sub,1,161.639,191.804
conv2d_10/convolution,1,162.174,191.666
batch_normalization_10/cond/Merge,1,166.235,194.416
leaky_re_lu_10/sub,1,164.189,191.179
conv2d_11/convolution,1,172.957,190.396
batch_normalization_11/cond/Merge,1,175.673,190.403
leaky_re_lu_11/sub,1,176.026,190.483
conv2d_12/convolution,1,177.724,190.345
batch_normalization_12/cond/Merge,1,180.016,190.289
leaky_re_lu_12/sub,1,182.969,193.078
conv2d_13/convolution,1,186.501,187.858
batch_normalization_13/cond/Merge,1,187.364,186.478
leaky_re_lu_13/sub,1,187.294,183.973
batch_normalization_22/cond/Merge,1,211.272,0.992879
leaky_re_lu_22/sub,1,211.432,0.786234
conv2d_22/convolution,1,213.742,11.5138
concatenate_1/concat,1,202.909,54.5961
conv2d_24/BiasAdd,1,210.055
input_1,1,0,212.098
conv2d_1/convolution,1,22.4412,215.312
batch_normalization_1/cond/Merge,1,53.3992,206.503
leaky_re_lu_1/sub,1,58.09,204.393
conv2d_2/convolution,1,69.1344,200.859
batch_normalization_2/cond/Merge,1,83.9393,200.23
leaky_re_lu_2/sub,1,85.1553,199.547
conv2d_3/convolution,1,92.7722,197.733
batch_normalization_3/cond/Merge,1,100.008,196.659
leaky_re_lu_3/sub,1,100.54,196.544
conv2d_4/convolution,1,101.537,196.487
batch_normalization_4/cond/Merge,1,105.917,196.134
leaky_re_lu_4/sub,1,105.987,195.35
conv2d_5/convolution,1,113.556,200.106
batch_normalization_5/cond/Merge,1,121.815,199.516
leaky_re_lu_5/sub,1,120.675,196.29
conv2d_6/convolution,1,128.105,195.243
batch_normalization_6/cond/Merge,1,132.874,195.407
leaky_re_lu_6/sub,1,133.226,195.168
conv2d_7/convolution,1,132.8,193.891
batch_normalization_7/cond/Merge,1,135.994,194.908
leaky_re_lu_7/sub,1,135.947,194.372
conv2d_8/convolution,1,143.967,194.569
batch_normalization_8/cond/Merge,1,148.839,194.007
leaky_re_lu_8/sub,1,150.99,196.243
conv2d_9/convolution,1,160.052,195.202
batch_normalization_9/cond/Merge,1,163.485,194.782
leaky_re_lu_9/sub,1,161.252,192.178
conv2d_10/convolution,1,162.462,191.654
batch_normalization_10/cond/Merge,1,163.795,191.695
leaky_re_lu_10/sub,1,164.189,190.956
conv2d_11/convolution,1,173.124,189.955
batch_normalization_11/cond/Merge,1,176.879,193.322
leaky_re_lu_11/sub,1,175.414,190.111
conv2d_12/convolution,1,176.7,190.023
batch_normalization_12/cond/Merge,1,179.562,189.368
leaky_re_lu_12/sub,1,178.886,189.486
conv2d_13/convolution,1,186.884,188.237
batch_normalization_13/cond/Merge,1,187.938,186.481
leaky_re_lu_13/sub,1,188.298,185.322
batch_normalization_22/cond/Merge,1,210.427,1.1876
leaky_re_lu_22/sub,1,214.26,0.779043
conv2d_22/convolution,1,210.195,10.993
concatenate_1/concat,1,203.043,54.6325
conv2d_24/BiasAdd,1,211.209
input_1,2,0,406.349,405.938
conv2d_1/convolution,2,36.857,379.517,384.457
batch_normalization_1/cond/Merge,2,79.0876,363.451,363.381
leaky_re_lu_1/sub,2,82.5645,354.26,358.6
conv2d_2/convolution,2,91.6931,339.699,339.249
batch_normalization_2/cond/Merge,2,108.607,329.569,329.674
leaky_re_lu_2/sub,2,109.455,327.251,327.206
conv2d_3/convolution,2,116.892,315.677,322.365
batch_normalization_3/cond/Merge,2,125.224,313.327,314.562
leaky_re_lu_3/sub,2,129.27,315.465,312.013
conv2d_4/convolution,2,128.634,309.933,313.419
batch_normalization_4/cond/Merge,2,132.305,304.322,310.417
leaky_re_lu_4/sub,2,132.348,307.228,307.308
conv2d_5/convolution,2,140.817,300.351,303.687
batch_normalization_5/cond/Merge,2,148.034,297.022,297.97
leaky_re_lu_5/sub,2,151.052,294.754,297.576
conv2d_6/convolution,2,158.442,290.588,290.227
batch_normalization_6/cond/Merge,2,164.143,284.452,289.339
leaky_re_lu_6/sub,2,163.479,286.873,287.365
conv2d_7/convolution,2,164.987,284.827,286.887
batch_normalization_7/cond/Merge,2,167.53,280.932,286.357
leaky_re_lu_7/sub,2,168.603,279.167,291.731
conv2d_8/convolution,2,177.176,276.65,282.064
batch_normalization_8/cond/Merge,2,181.709,271.279,278.046
leaky_re_lu_8/sub,2,183.05,275.469,277.404
conv2d_9/convolution,2,195.598,272.614,269.011
batch_normalization_9/cond/Merge,2,198.656,264.848,269.974
leaky_re_lu_9/sub,2,199.057,264.214,270.293
conv2d_10/convolution,2,200.973,264.631,270.381
batch_normalization_10/cond/Merge,2,203.435,263.63,268.729
leaky_re_lu_10/sub,2,203.446,262.794,267.757
conv2d_11/convolution,2,216.871,258.293,261.854
batch_normalization_11/cond/Merge,2,219.93,256.739,260.804
leaky_re_lu_11/sub,2,220.717,255.715,261.798
conv2d_12/convolution,2,221.433,254.814,260.636
batch_normalization_12/cond/Merge,2,225.441,253.992,259.621
leaky_re_lu_12/sub,2,225.043,259.173,258.856
conv2d_13/convolution,2,239.054,254.09,253.952
batch_normalization_13/cond/Merge,2,240.132,247.688,251.166
leaky_re_lu_13/sub,2,243.158,250.213,250.24
batch_normalization_22/cond/Merge,2,215.118,1.22053,1.44524
leaky_re_lu_22/sub,2,214.097,0.965245,0.971691
conv2d_22/convolution,2,212.813,12.2208,12.4844
concatenate_1/concat,2,219.263,74.7093,75.4088
conv2d_24/BiasAdd,2,211.252
input_1,2,0,402.172,402.175
conv2d_1/convolution,2,38.2323,384.757,379.85
batch_normalization_1/cond/Merge,2,75.4768,358.64,358.806
leaky_re_lu_1/sub,2,85.9726,361.066,361.082
conv2d_2/convolution,2,92.155,347.994,343.951
batch_normalization_2/cond/Merge,2,110.416,335.664,335.683
leaky_re_lu_2/sub,2,111.51,329.847,326.125
conv2d_3/convolution,2,114.867,316.505,323.067
batch_normalization_3/cond/Merge,2,127.608,313.63,316.723
leaky_re_lu_3/sub,2,128.527,315.223,312.291
conv2d_4/convolution,2,127.208,314.698,311.485
batch_normalization_4/cond/Merge,2,132.401,309.387,309.477
leaky_re_lu_4/sub,2,130.83,306.562,310.12
conv2d_5/convolution,2,139.049,303.438,303.708
batch_normalization_5/cond/Merge,2,148.494,298.628,298.805
leaky_re_lu_5/sub,2,149.825,293.454,299.226
conv2d_6/convolution,2,158.675,290.84,291.143
batch_normalization_6/cond/Merge,2,163.227,288.589,288.844
leaky_re_lu_6/sub,2,166.177,288.798,288.614
conv2d_7/convolution,2,164.849,279.737,289.306
batch_normalization_7/cond/Merge,2,167.048,284.717,283.878
leaky_re_lu_7/sub,2,168.35,285.848,287.056
conv2d_8/convolution,2,178.765,276.342,282.436
batch_normalization_8/cond/Merge,2,181.399,273.424,279.118
leaky_re_lu_8/sub,2,183.298,275.744,277.292
conv2d_9/convolution,2,196.378,272.823,270.892
batch_normalization_9/cond/Merge,2,200.256,266.77,271.383
leaky_re_lu_9/sub,2,201.913,274.369,271.287
conv2d_10/convolution,2,201.14,262.832,269.464
batch_normalization_10/cond/Merge,2,204.304,267.715,267.607
leaky_re_lu_10/sub,2,204.644,267.118,269.031
conv2d_11/convolution,2,216.864,259.494,263.461
batch_normalization_11/cond/Merge,2,221.564,259.135,264.159
leaky_re_lu_11/sub,2,224.416,267.036,264.422
conv2d_12/convolution,2,222.81,259.972,259.74
batch_normalization_12/cond/Merge,2,223.68,260.627,258.117
leaky_re_lu_12/sub,2,225.858,259.062,258.685
conv2d_13/convolution,2,238.091,249.506,253.403
batch_normalization_13/cond/Merge,2,241.018,252.18,251.411
leaky_re_lu_13/sub,2,240.81,249.752,251.309
batch_normalization_22/cond/Merge,2,213.352,1.31144,1.30855
leaky_re_lu_22/sub,2,212.589,0.948693,0.972207
conv2d_22/convolution,2,210.938,12.0022,12.0556
concatenate_1/concat,2,219.025,76.3008,75.1695
conv2d_24/BiasAdd,2,211.069
input_1,2,0,401.144,400.963
conv2d_1/convolution,2,40.6521,384.866,389.999
batch_normalization_1/cond/Merge,2,74.134,360.774,360.75
leaky_re_lu_1/sub,2,81.937,354.682,358.97
conv2d_2/convolution,2,91.5667,339.388,339.213
batch_normalization_2/cond/Merge,2,106.803,328.382,332.104
leaky_re_lu_2/sub,2,109.397,322.706,329.637
conv2d_3/convolution,2,115.88,318.077,318.893
batch_normalization_3/cond/Merge,2,126.803,313.96,313.437
leaky_re_lu_3/sub,2,126.786,312.46,312.392
conv2d_4/convolution,2,128.272,311.762,311.911
batch_normalization_4/cond/Merge,2,132.587,308.097,308.38
leaky_re_lu_4/sub,2,133.966,312.235,313.393
conv2d_5/convolution,2,138.978,298.484,304.751
batch_normalization_5/cond/Merge,2,148.496,295.203,298.158
leaky_re_lu_5/sub,2,149.431,292.027,297.992
conv2d_6/convolution,2,156.223,283.668,292.576
batch_normalization_6/cond/Merge,2,164.343,285.968,288.142
leaky_re_lu_6/sub,2,159.553,275.802,289.109
conv2d_7/convolution,2,164.145,284.316,285.862
batch_normalization_7/cond/Merge,2,165.898,278.204,286.072
leaky_re_lu_7/sub,2,168.559,284.393,284.278
conv2d_8/convolution,2,179.413,285.166,282.549
batch_normalization_8/cond/Merge,2,181.788,274.085,278.822
leaky_re_lu_8/sub,2,181.455,272.485,277.346
conv2d_9/convolution,2,194.716,270.042,269.966
batch_normalization_9/cond/Merge,2,198.065,266.107,269.998
leaky_re_lu_9/sub,2,199.468,265.496,270.031
conv2d_10/convolution,2,202.156,265.927,268.033
batch_normalization_10/cond/Merge,2,202.172,262.739,268.732
leaky_re_lu_10/sub,2,204.236,264.862,268.668
conv2d_11/convolution,2,215.884,257.443,262.106
batch_normalization_11/cond/Merge,2,219.284,261.469,259.235
leaky_re_lu_11/sub,2,221.161,262.773,260.259
conv2d_12/convolution,2,221.221,259.686,258.017
batch_normalization_12/cond/Merge,2,223.61,253.37,258.752
leaky_re_lu_12/sub,2,225.591,257.138,258.456
conv2d_13/convolution,2,238.134,249.072,253.391
batch_normalization_13/cond/Merge,2,241.808,248.177,251.311
leaky_re_lu_13/sub,2,242.242,250.467,250.155
batch_normalization_22/cond/Merge,2,212.782,1.34535,1.36128
leaky_re_lu_22/sub,2,210.876,0.920803,0.956437
conv2d_22/convolution,2,211.481,12.4643,12.4271
concatenate_1/concat,2,221.056,76.4855,75.3494
conv2d_24/BiasAdd,2,210.685
input_1,2,0,401.041,401.362
conv2d_1/convolution,2,40.5158,382.481,382.449
batch_normalization_1/cond/Merge,2,75.1823,357.684,362.095
leaky_re_lu_1/sub,2,84.0397,360.578,360.565
conv2d_2/convolution,2,90.2584,337.411,341.488
batch_normalization_2/cond/Merge,2,108.911,330.449,330.493
leaky_re_lu_2/sub,2,111.67,328.14,328.104
conv2d_3/convolution,2,118.07,317.49,320.71
batch_normalization_3/cond/Merge,2,128.413,313.734,313.75
leaky_re_lu_3/sub,2,127.359,308.995,315.254
conv2d_4/convolution,2,128.174,311.691,311.724
batch_normalization_4/cond/Merge,2,133.588,310.052,313.063
leaky_re_lu_4/sub,2,132.976,307.248,310.403
conv2d_5/convolution,2,140.479,300.781,303.861
batch_normalization_5/cond/Merge,2,148.385,293.585,299.442
leaky_re_lu_5/sub,2,150.049,294.973,297.956
conv2d_6/convolution,2,158.364,287.256,292.073
batch_normalization_6/cond/Merge,2,164.147,286.288,289.192
leaky_re_lu_6/sub,2,164.599,285.501,288.434
conv2d_7/convolution,2,165.058,280.755,288.019
batch_normalization_7/cond/Merge,2,169.21,284.867,292.134
leaky_re_lu_7/sub,2,168.35,280.285,285.675
conv2d_8/convolution,2,177.13,276.301,281.437
batch_normalization_8/cond/Merge,2,181.283,273.612,276.159
leaky_re_lu_8/sub,2,183.745,274.77,277.121
conv2d_9/convolution,2,196.341,267.882,270.213
batch_normalization_9/cond/Merge,2,198.933,267.494,269.419
leaky_re_lu_9/sub,2,199.958,268.407,269.35
conv2d_10/convolution,2,202.296,267.592,270.439
batch_normalization_10/cond/Merge,2,205.686,268.456,270.452
leaky_re_lu_10/sub,2,204.203,264.541,266.42
conv2d_11/convolution,2,216.949,259.191,261.885
batch_normalization_11/cond/Merge,2,220.564,260.254,260.146
leaky_re_lu_11/sub,2,220.57,261.075,260.626
conv2d_12/convolution,2,222.807,259.068,258.99
batch_normalization_12/cond/Merge,2,225.46,257.327,259.547
leaky_re_lu_12/sub,2,228.052,262.031,262.097
conv2d_13/convolution,2,238.257,253.804,253.182
batch_normalization_13/cond/Merge,2,241.206,248.034,251.593
leaky_re_lu_13/sub,2,239.469,250.138,249.218
batch_normalization_22/cond/Merge,2,213.326,1.21492,1.29045
leaky_re_lu_22/sub,2,211.102,0.969908,0.992809
conv2d_22/convolution,2,213.616,12.3213,12.0665
concatenate_1/concat,2,219.115,74.5986,74.8081
conv2d_24/BiasAdd,2,213.459
input_1,2,0,401.896,401.462
conv2d_1/convolution,2,36.7323,381.104,380.66
batch_normalization_1/cond/Merge,2,76.7529,360.631,356.135
leaky_re_lu_1/sub,2,82.3044,351.922,356.225
conv2d_2/convolution,2,91.4557,335.694,343.279
batch_normalization_2/cond/Merge,2,108.508,327.997,331.724
leaky_re_lu_2/sub,2,111.39,329.478,325.856
conv2d_3/convolution,2,117.213,318.004,321.786
batch_normalization_3/cond/Merge,2,127.111,312.229,315.533
leaky_re_lu_3/sub,2,128.579,310.907,314.24
conv2d_4/convolution,2,129.384,314.516,318.462
batch_normalization_4/cond/Merge,2,132.881,306.165,309.637
leaky_re_lu_4/sub,2,133.61,310.317,306.968
conv2d_5/convolution,2,138.271,297.401,306.149
batch_normalization_5/cond/Merge,2,148.079,296.21,299.002
leaky_re_lu_5/sub,2,150.078,294.102,299.402
conv2d_6/convolution,2,159.874,296.328,293.162
batch_normalization_6/cond/Merge,2,164.138,283.839,290.115
leaky_re_lu_6/sub,2,165.414,286.705,289.054
conv2d_7/convolution,2,164.91,285.846,286.128
batch_normalization_7/cond/Merge,2,168.47,283.866,286.368
leaky_re_lu_7/sub,2,168.053,280.641,289.152
conv2d_8/convolution,2,178.268,278.545,281.294
batch_normalization_8/cond/Merge,2,181.573,271.366,279.18
leaky_re_lu_8/sub,2,184.543,273.666,276.283
conv2d_9/convolution,2,195.63,265.088,271.79
batch_normalization_9/cond/Merge,2,200.239,271.587,268.5
leaky_re_lu_9/sub,2,198.987,263.927,269.515
conv2d_10/convolution,2,205.143,268.565,273.36
batch_normalization_10/cond/Merge,2,203.988,269.616,266.838
leaky_re_lu_10/sub,2,205.689,264.475,271.194
conv2d_11/convolution,2,217.214,264.03,261.512
batch_normalization_11/cond/Merge,2,220.439,260.035,260.046
leaky_re_lu_11/sub,2,220.256,255.631,260.723
conv2d_12/convolution,2,224.205,261.245,258.653
batch_normalization_12/cond/Merge,2,224.06,254.05,258.357
leaky_re_lu_12/sub,2,225.95,255.604,259.67
conv2d_13/convolution,2,238.03,252.935,252.434
batch_normalization_13/cond/Merge,2,242.042,253.711,250.181
leaky_re_lu_13/sub,2,244.852,252.557,250.961
batch_normalization_22/cond/Merge,2,212.776,1.1855,1.28371
leaky_re_lu_22/sub,2,210.911,0.937577,0.982261
conv2d_22/convolution,2,213.324,12.3571,12.3214
concatenate_1/concat,2,218.309,73.7187,74.1457
conv2d_24/BiasAdd,2,211.987
input_1,3,0,604.085,604.468,604.481
conv2d_1/convolution,3,48.4294,570.176,558.418,569.154
batch_normalization_1/cond/Merge,3,94.6844,521.854,521.64,521.921
leaky_re_lu_1/sub,3,104.083,511.786,512.517,511.595
conv2d_2/convolution,3,114.3,488.57,487.623,488.418
batch_normalization_2/cond/Merge,3,131.044,465.272,465.411,465.155
leaky_re_lu_2/sub,3,131.963,462.222,462.329,462.217
conv2d_3/convolution,3,139.856,446.383,445.53,446.278
batch_normalization_3/cond/Merge,3,153.076,432.422,438.053,438.405
leaky_re_lu_3/sub,3,154.512,435.205,434.696,435.208
conv2d_4/convolution,3,155.795,427.103,433.161,438.603
batch_normalization_4/cond/Merge,3,160.771,420.829,426.354,432.976
leaky_re_lu_4/sub,3,162.546,427.235,421.985,427.708
conv2d_5/convolution,3,166.968,416.489,410.623,416.296
batch_normalization_5/cond/Merge,3,178.352,410.86,402.337,404.607
leaky_re_lu_5/sub,3,177.555,395.188,399.623,407.324
conv2d_6/convolution,3,190.916,394.985,387.556,388.847
batch_normalization_6/cond/Merge,3,199.442,382.908,380.679,389.695
leaky_re_lu_6/sub,3,200.134,381.844,386.842,385.94
conv2d_7/convolution,3,201.25,380.225,380.196,384.758
batch_normalization_7/cond/Merge,3,203.175,375.871,376.259,384.778
leaky_re_lu_7/sub,3,204.518,377.554,377.452,382.114
conv2d_8/convolution,3,215.968,362.999,369.325,372.919
batch_normalization_8/cond/Merge,3,224.425,369.871,365.04,369.371
leaky_re_lu_8/sub,3,227.803,365.277,369.338,369.981
conv2d_9/convolution,3,239.252,350.307,351.983,350.465
batch_normalization_9/cond/Merge,3,247.558,355.432,350.629,354.299
leaky_re_lu_9/sub,3,244.631,342.831,349.626,350.846
conv2d_10/convolution,3,244.69,342.975,341.604,348.499
batch_normalization_10/cond/Merge,3,249.524,346.717,342.726,346.451
leaky_re_lu_10/sub,3,256.643,350.295,346.496,353.533
conv2d_11/convolution,3,270.68,333.742,329.329,336.7
batch_normalization_11/cond/Merge,3,272.825,335.17,335.401,330.582
leaky_re_lu_11/sub,3,274.716,326.144,331.328,332.789
conv2d_12/convolution,3,275.304,325.929,332.404,328.982
batch_normalization_12/cond/Merge,3,280.497,327.918,329.228,328.287
leaky_re_lu_12/sub,3,279.835,325.998,326.687,329.374
conv2d_13/convolution,3,297.864,313.426,316.387,318.11
batch_normalization_13/cond/Merge,3,300.494,311.644,313.994,313.298
leaky_re_lu_13/sub,3,303.467,314.932,314.175,311.601
batch_normalization_22/cond/Merge,3,215.314,3.65384,1.5107,1.57185
leaky_re_lu_22/sub,3,212.345,1.10189,1.15416,1.15276
conv2d_22/convolution,3,213.263,12.0467,12.3515,12.5263
concatenate_1/concat,3,237.293,91.5232,91.3746,90.1414
conv2d_24/BiasAdd,3,208.445
input_1,3,0,608.504,609.403,609.297
conv2d_1/convolution,3,51.5004,582.077,582.347,571.186
batch_normalization_1/cond/Merge,3,93.3936,522.44,522.498,522.733
leaky_re_lu_1/sub,3,104.735,513.786,513.661,513.799
conv2d_2/convolution,3,111.727,487.082,487.491,487.12
batch_normalization_2/cond/Merge,3,131.277,465.707,465.399,465.575
leaky_re_lu_2/sub,3,134.685,462.978,470.399,470.409
conv2d_3/convolution,3,141.364,448.502,448.955,449.451
batch_normalization_3/cond/Merge,3,151.729,441.424,430.321,441.25
leaky_re_lu_3/sub,3,156.606,431.089,436.858,436.713
conv2d_4/convolution,3,155.314,434.899,428.639,435.392
batch_normalization_4/cond/Merge,3,163.05,427.584,428.246,428.288
leaky_re_lu_4/sub,3,159.168,424.346,423.292,431.939
conv2d_5/convolution,3,171.799,413.117,418.205,419.316
batch_normalization_5/cond/Merge,3,180.948,405.445,409.912,410.019
leaky_re_lu_5/sub,3,179.629,400.473,399.498,404.457
conv2d_6/convolution,3,197.511,397.076,397.176,396.979
batch_normalization_6/cond/Merge,3,197.692,380.85,390.797,386.326
leaky_re_lu_6/sub,3,203.877,388.808,388.991,393.207
conv2d_7/convolution,3,200.324,385.252,379.489,384.995
batch_normalization_7/cond/Merge,3,206.588,377.686,380.985,382.901
leaky_re_lu_7/sub,3,203.786,381.004,377.08,381.064
conv2d_8/convolution,3,216.859,367.299,371.322,371.317
batch_normalization_8/cond/Merge,3,223.767,360.055,363.892,368.085
leaky_re_lu_8/sub,3,223.083,359.676,360.882,365.483
conv2d_9/convolution,3,240.46,354.465,345.355,353.067
batch_normalization_9/cond/Merge,3,243.375,351.971,347.521,346.396
leaky_re_lu_9/sub,3,245.302,340.92,348.032,351.33
conv2d_10/convolution,3,248.025,344.09,348.343,347.602
batch_normalization_10/cond/Merge,3,249.514,343.539,351.098,346.575
leaky_re_lu_10/sub,3,252.179,339.921,345.004,347.789
conv2d_11/convolution,3,269.714,335.776,328.349,335.263
batch_normalization_11/cond/Merge,3,272.271,328.826,329.246,331.463
leaky_re_lu_11/sub,3,274.825,330.977,334.578,329.905
conv2d_12/convolution,3,274.028,326.898,326.987,333.319
batch_normalization_12/cond/Merge,3,279.12,331.548,325.941,327.843
leaky_re_lu_12/sub,3,280.022,324.155,324.71,331.129
conv2d_13/convolution,3,298.538,321.033,322.865,320.026
batch_normalization_13/cond/Merge,3,301.582,311.801,313.994,316.436
leaky_re_lu_13/sub,3,302.213,315.465,315.494,312.974
batch_normalization_22/cond/Merge,3,212.974,6.71007,1.63429,1.44476
leaky_re_lu_22/sub,3,219.901,1.06588,1.27764,1.12299
conv2d_22/convolution,3,212.813,12.3415,12.328,12.8474
concatenate_1/concat,3,234.124,89.2711,89.353,89.0091
conv2d_24/BiasAdd,3,209.923
input_1,3,0,608.778,608.323,607.278
conv2d_1/convolution,3,52.3288,577.173,565.764,565.642
batch_normalization_1/cond/Merge,3,98.0907,530.778,531.011,530.73
leaky_re_lu_1/sub,3,105.647,511.671,511.765,511.581
conv2d_2/convolution,3,109.497,487.785,487.197,487.245
batch_normalization_2/cond/Merge,3,129.834,466.021,466.211,465.779
leaky_re_lu_2/sub,3,135.204,467.636,467.23,467.491
conv2d_3/convolution,3,140.147,446.167,446.157,451.795
batch_normalization_3/cond/Merge,3,151.613,435.008,440.609,440.44
leaky_re_lu_3/sub,3,147.134,431.105,431.225,444.224
conv2d_4/convolution,3,150.096,429.672,430.02,437.268
batch_normalization_4/cond/Merge,3,155.622,429.592,421.448,434.009
leaky_re_lu_4/sub,3,158.805,423.701,427.008,428.9
conv2d_5/convolution,3,168.228,415.741,410.558,421.776
batch_normalization_5/cond/Merge,3,177.458,401.621,405.629,412.084
leaky_re_lu_5/sub,3,177.577,400.513,395.289,405.922
conv2d_6/convolution,3,193.005,392.121,390.111,392.002
batch_normalization_6/cond/Merge,3,199.158,395.431,385.119,394.629
leaky_re_lu_6/sub,3,199.593,383.058,382.637,388.112
conv2d_7/convolution,3,203.388,380.718,381.056,385.069
batch_normalization_7/cond/Merge,3,205.859,380.785,375.564,385.351
leaky_re_lu_7/sub,3,204.875,373.995,378.786,383.517
conv2d_8/convolution,3,215.654,364.172,369.54,373.912
batch_normalization_8/cond/Merge,3,223.372,361.633,361.334,370.396
leaky_re_lu_8/sub,3,222.137,357.001,350.964,368.946
conv2d_9/convolution,3,238.158,344.891,352.727,351.699
batch_normalization_9/cond/Merge,3,245.106,348.571,349.065,351.237
leaky_re_lu_9/sub,3,246.235,347.117,345.47,351.982
conv2d_10/convolution,3,249.934,345.472,351.455,355.439
batch_normalization_10/cond/Merge,3,252.374,348.207,343.845,346.99
leaky_re_lu_10/sub,3,256.75,346.721,350.44,354.198
conv2d_11/convolution,3,269.48,334.223,334.51,337.205
batch_normalization_11/cond/Merge,3,272.989,330.144,330.002,332.573
leaky_re_lu_11/sub,3,272.947,329.802,328.209,333.806
conv2d_12/convolution,3,277.369,332.628,328.746,331.676
batch_normalization_12/cond/Merge,3,278.275,330.491,327.455,329.373
leaky_re_lu_12/sub,3,280.8,325.099,328.742,331.488
conv2d_13/convolution,3,297.171,317.162,313.278,320.064
batch_normalization_13/cond/Merge,3,299.752,316.47,309.971,315.45
leaky_re_lu_13/sub,3,304.763,312.725,315.35,316.042
batch_normalization_22/cond/Merge,3,214.3,6.29389,1.39386,1.48725
leaky_re_lu_22/sub,3,212.385,1.1046,1.1602,1.17306
conv2d_22/convolution,3,215.806,12.052,12.0173,12.6077
concatenate_1/concat,3,231.912,90.0759,90.3696,89.2896
conv2d_24/BiasAdd,3,210.052
input_1,3,0,607.106,608.146,607.462
conv2d_1/convolution,3,46.857,564.181,564.566,565.007
batch_normalization_1/cond/Merge,3,92.5759,520.322,520.154,520.387
leaky_re_lu_1/sub,3,103.75,511.39,511.289,520.363
conv2d_2/convolution,3,104.552,478.598,486.421,487.086
batch_normalization_2/cond/Merge,3,126.844,459.678,467.009,467.014
leaky_re_lu_2/sub,3,132.189,463.496,456.687,463.539
conv2d_3/convolution,3,140.611,445.838,447.346,447.054
batch_normalization_3/cond/Merge,3,150.687,439.096,433.142,438.973
leaky_re_lu_3/sub,3,152.954,444.739,438.27,437.439
conv2d_4/convolution,3,152.032,430.974,431.411,436.917
batch_normalization_4/cond/Merge,3,159.238,423.382,425.291,431.148
leaky_re_lu_4/sub,3,163.669,429.736,423.125,430.382
conv2d_5/convolution,3,166.387,411.786,417.688,417.326
batch_normalization_5/cond/Merge,3,178.533,402.752,402.728,408.111
leaky_re_lu_5/sub,3,178.999,405.836,399.555,404.899
conv2d_6/convolution,3,191.021,386.905,391.808,392.591
batch_normalization_6/cond/Merge,3,198.408,386.924,381.288,389.975
leaky_re_lu_6/sub,3,199.299,384.625,382.205,387.851
conv2d_7/convolution,3,199.354,381.511,381.119,385.869
batch_normalization_7/cond/Merge,3,205.172,382.071,382.039,381.24
leaky_re_lu_7/sub,3,202.005,380.881,376.329,381.21
conv2d_8/convolution,3,215.868,363.116,372.326,371.717
batch_normalization_8/cond/Merge,3,219.965,365.82,360.6,367.175
leaky_re_lu_8/sub,3,221.176,349.975,355.357,368.728
conv2d_9/convolution,3,237.692,347.662,351.81,351.114
batch_normalization_9/cond/Merge,3,244.31,354.331,345.535,349.07
leaky_re_lu_9/sub,3,245.988,351.048,349.642,346.812
conv2d_10/convolution,3,248.031,341.726,341.889,350.037
batch_normalization_10/cond/Merge,3,251.102,345.195,341.752,347.958
leaky_re_lu_10/sub,3,252.122,343.915,339.927,347.137
conv2d_11/convolution,3,268.93,333.405,329.745,335.178
batch_normalization_11/cond/Merge,3,272.406,335.789,329.116,331.064
leaky_re_lu_11/sub,3,273.837,333.266,330.87,329.877
conv2d_12/convolution,3,275.681,330.39,326.427,330.014
batch_normalization_12/cond/Merge,3,279.404,329.029,325.951,328.232
leaky_re_lu_12/sub,3,280.442,325.827,325.997,329.056
conv2d_13/convolution,3,297.066,315.909,321.097,318.583
batch_normalization_13/cond/Merge,3,303.241,315.545,315.543,312.269
leaky_re_lu_13/sub,3,304.516,315.618,316.332,312.547
batch_normalization_22/cond/Merge,3,212.816,6.76495,1.40597,1.6373
leaky_re_lu_22/sub,3,214.59,1.1634,1.17795,1.23726
conv2d_22/convolution,3,213.143,12.2241,12.0412,12.4924
concatenate_1/concat,3,233.621,90.0533,90.0275,89.1288
conv2d_24/BiasAdd,3,208.991
input_1,3,0,607.239,607.765,606.389
conv2d_1/convolution,3,52.1074,585.689,575.305,573.657
batch_normalization_1/cond/Merge,3,93.3281,521.578,521.395,521.493
leaky_re_lu_1/sub,3,108.462,515.8,516.548,516.308
conv2d_2/convolution,3,114.457,495.209,495.126,494.76
batch_normalization_2/cond/Merge,3,132.307,467.057,467.026,467.064
leaky_re_lu_2/sub,3,132.273,459.143,459.085,459.051
conv2d_3/convolution,3,140.032,448.335,447.316,448.341
batch_normalization_3/cond/Merge,3,152.804,440.108,433.637,440.143
leaky_re_lu_3/sub,3,155.085,435.554,443.015,442.113
conv2d_4/convolution,3,158.343,439.519,437.476,439.66
batch_normalization_4/cond/Merge,3,160.082,428.182,429.304,428.695
leaky_re_lu_4/sub,3,160.271,423.131,428.708,428.106
conv2d_5/convolution,3,167.463,415.187,408.107,420.963
batch_normalization_5/cond/Merge,3,178.011,406.974,401.999,406.613
leaky_re_lu_5/sub,3,180.596,401.886,401.215,407.209
conv2d_6/convolution,3,193.683,385.441,389.849,394.719
batch_normalization_6/cond/Merge,3,198.803,387.626,386.663,387.455
leaky_re_lu_6/sub,3,199.72,383.429,383.125,387.447
conv2d_7/convolution,3,200.376,377.918,387.224,386.958
batch_normalization_7/cond/Merge,3,205.518,380.239,374.894,384.545
leaky_re_lu_7/sub,3,206.374,378.277,382.765,382.249
conv2d_8/convolution,3,217.917,367.062,371.122,370.478
batch_normalization_8/cond/Merge,3,226.393,366.966,365.306,374.856
leaky_re_lu_8/sub,3,225.447,364.849,360.119,364.825
conv2d_9/convolution,3,241.126,354.065,346.057,353.971
batch_normalization_9/cond/Merge,3,246.09,344.455,348.001,351
leaky_re_lu_9/sub,3,248.13,344.271,347.587,351.457
conv2d_10/convolution,3,252.018,348.442,347.752,351.504
batch_normalization_10/cond/Merge,3,251.741,346.96,343.195,347.525
leaky_re_lu_10/sub,3,253.73,344.86,341.338,349.969
conv2d_11/convolution,3,273.227,338.495,335.248,337.368
batch_normalization_11/cond/Merge,3,273.206,334.148,330.249,333.198
leaky_re_lu_11/sub,3,274.947,330.65,333.426,332.061
conv2d_12/convolution,3,280.272,332.907,336.242,335.782
batch_normalization_12/cond/Merge,3,279.946,329.163,333.44,329.033
leaky_re_lu_12/sub,3,283.79,329.355,329.293,335.654
conv2d_13/convolution,3,298.199,323.461,319.763,319.012
batch_normalization_13/cond/Merge,3,305.179,315.071,320.942,314.892
leaky_re_lu_13/sub,3,304.349,313.764,317.263,313.749
batch_normalization_22/cond/Merge,3,215.667,7.48524,1.44427,1.49214
leaky_re_lu_22/sub,3,212.647,1.18731,1.04362,1.11449
conv2d_22/convolution,3,214.893,12.3146,12.1155,12.4852
concatenate_1/concat,3,233.255,90.8351,90.5463,89.5376
conv2d_24/BiasAdd,3,212.303
input_1,4,0,819.575,819.986,822.788,820.718
conv2d_1/convolution,4,58.3411,753.715,752.793,753.711,753.687
batch_normalization_1/cond/Merge,4,113.178,688.643,688.69,688.369,688.533
leaky_re_lu_1/sub,4,120.456,681.923,682.965,681.15,666.221
conv2d_2/convolution,4,122.363,644.618,643.262,630.322,630.223
batch_normalization_2/cond/Merge,4,143.737,608.133,595.594,607.108,609.848
leaky_re_lu_2/sub,4,151.544,588.514,600.044,600.408,601.627
conv2d_3/convolution,4,159.935,582.599,570.014,572.163,582.517
batch_normalization_3/cond/Merge,4,179.131,572.338,561.921,572.373,572.454
leaky_re_lu_3/sub,4,181.646,556.612,556.668,556.721,565.844
conv2d_4/convolution,4,182.502,556.6,554.637,554.258,554.625
batch_normalization_4/cond/Merge,4,194.101,544.827,543.16,545.793,555.028
leaky_re_lu_4/sub,4,191.227,539.103,547.144,549.84,548.241
conv2d_5/convolution,4,203.867,533.834,524.14,522.208,533.492
batch_normalization_5/cond/Merge,4,212.397,516.8,510.917,518.28,527.633
leaky_re_lu_5/sub,4,213.73,506.541,505.328,506.183,515.445
conv2d_6/convolution,4,226.072,481.432,497.261,484.986,496.441
batch_normalization_6/cond/Merge,4,236.623,481.65,479.398,479.049,494.557
leaky_re_lu_6/sub,4,239.007,487.327,493.937,485.87,493.439
conv2d_7/convolution,4,238.81,483.433,476.701,482.93,482.134
batch_normalization_7/cond/Merge,4,242.662,466.307,473.962,482.218,481.755
leaky_re_lu_7/sub,4,244.834,482.858,484.069,484.911,483.702
conv2d_8/convolution,4,262.015,466.662,465.182,458.531,472.845
batch_normalization_8/cond/Merge,4,262.768,453.293,454.725,448.161,454.731
leaky_re_lu_8/sub,4,268.323,452.09,445.931,453.1,455.664
conv2d_9/convolution,4,286.091,434.89,431.787,435.508,430.367
batch_normalization_9/cond/Merge,4,294.458,427.857,426.698,432.768,431.942
leaky_re_lu_9/sub,4,292.492,422.905,422.376,428.452,434.812
conv2d_10/convolution,4,293.333,430.382,426.04,432.563,423.737
batch_normalization_10/cond/Merge,4,308.837,427.163,433.445,433.443,431.967
leaky_re_lu_10/sub,4,307.022,427.351,433.141,427.119,434.81
conv2d_11/convolution,4,329.194,414.473,408.655,415.532,413.014
batch_normalization_11/cond/Merge,4,330.543,405.805,405.376,405.226,404.319
leaky_re_lu_11/sub,4,335.649,400.825,400.797,401.779,405.043
conv2d_12/convolution,4,343.692,409.02,409.026,402.465,406.699
batch_normalization_12/cond/Merge,4,341.701,393.204,397.292,399.244,403.586
leaky_re_lu_12/sub,4,343.215,402.127,400.674,391.441,400.826
conv2d_13/convolution,4,371.896,380.943,392.155,385.861,388.108
batch_normalization_13/cond/Merge,4,370.288,377.513,376.674,375.198,377.105
leaky_re_lu_13/sub,4,370.464,373.696,372.971,374.624,372.044
batch_normalization_22/cond/Merge,4,217.217,6.81706,6.03032,1.73775,1.68499
leaky_re_lu_22/sub,4,213.091,1.33752,1.23716,1.25516,1.27242
conv2d_22/convolution,4,215.338,13.7592,12.2633,12.2364,12.7882
concatenate_1/concat,4,251.888,100.938,100.139,100.251,99.722
conv2d_24/BiasAdd,4,217.261
input_1,4,0,821.046,821.059,822.909,820.581
conv2d_1/convolution,4,55.0912,779.126,756.486,777.24,757.424
batch_normalization_1/cond/Merge,4,95.5149,687.861,688.368,686.395,685.945
leaky_re_lu_1/sub,4,124.922,686.233,686.051,685.756,686.123
conv2d_2/convolution,4,127.263,649.283,646.772,647.869,647.451
batch_normalization_2/cond/Merge,4,148.122,601.382,615.454,601.975,615.521
leaky_re_lu_2/sub,4,150.363,597.568,600.687,601.098,599.665
conv2d_3/convolution,4,167.193,581.036,583.318,581.867,595.446
batch_normalization_3/cond/Merge,4,178.112,573.15,562.529,558.753,585.02
leaky_re_lu_3/sub,4,184.791,562.294,553.28,561.079,561.82
conv2d_4/convolution,4,181.42,547.225,557.539,546.867,568.322
batch_normalization_4/cond/Merge,4,190.898,537.08,543.593,556.937,556.913
leaky_re_lu_4/sub,4,190.2,543.765,547.7,537.2,555.912
conv2d_5/convolution,4,197.684,527.435,527.835,520.38,537.887
batch_normalization_5/cond/Merge,4,215.543,512.571,525.294,524.469,524.938
leaky_re_lu_5/sub,4,211.994,504.095,505.467,520.051,512.467
conv2d_6/convolution,4,221.547,489.211,491.161,483.961,500.88
batch_normalization_6/cond/Merge,4,232.721,484.343,470.263,481.701,495.116
leaky_re_lu_6/sub,4,240.614,487.128,492.942,494.268,492.844
conv2d_7/convolution,4,237.958,482.775,481.116,482.5,481.826
batch_normalization_7/cond/Merge,4,241.918,477.601,476.252,471.4,479.395
leaky_re_lu_7/sub,4,247.779,474.594,476.827,480.306,479.217
conv2d_8/convolution,4,262.898,466.525,464.799,457.891,471.898
batch_normalization_8/cond/Merge,4,266.729,448.334,454.146,455.694,455.076
leaky_re_lu_8/sub,4,271.464,452.141,443.738,458.867,466.064
conv2d_9/convolution,4,289.253,441.554,436.622,435.238,440.66
batch_normalization_9/cond/Merge,4,294.305,426.645,420.14,432.853,432.67
leaky_re_lu_9/sub,4,295.77,425.064,430.884,431.203,429.767
conv2d_10/convolution,4,299.403,418.513,429.189,429.949,428.352
batch_normalization_10/cond/Merge,4,301.792,421.878,420.359,428.004,426.662
leaky_re_lu_10/sub,4,303.938,420.589,415.115,424.384,430.233
conv2d_11/convolution,4,325.057,408.28,413.581,407.691,407.007
batch_normalization_11/cond/Merge,4,335.029,403.215,403.15,401.89,406.4
leaky_re_lu_11/sub,4,335.026,407.784,401.304,400.571,405.574
conv2d_12/convolution,4,338.398,410.958,409.058,410.41,403.351
batch_normalization_12/cond/Merge,4,342.201,401.48,401.071,405.757,398.661
leaky_re_lu_12/sub,4,345.218,399.621,398.705,393.387,403.124
conv2d_13/convolution,4,364.514,382.754,376.839,382.33,381.907
batch_normalization_13/cond/Merge,4,367.743,374.963,375.871,375.346,375.949
leaky_re_lu_13/sub,4,369.086,375.621,373.882,373.244,372.525
batch_normalization_22/cond/Merge,4,215.231,6.85965,6.30026,1.79447,1.68794
leaky_re_lu_22/sub,4,214.73,1.22002,1.38339,1.2503,1.40669
conv2d_22/convolution,4,214.092,13.4478,11.5118,12.0971,12.0461
concatenate_1/concat,4,256.326,101.672,101.283,101.29,99.8651
conv2d_24/BiasAdd,4,214.646
input_1,4,0,824.911,825.189,827.524,824.476
conv2d_1/convolution,4,59.961,780.529,760.71,760.411,759.219
batch_normalization_1/cond/Merge,4,107.562,689.803,688.642,689.323,689.306
leaky_re_lu_1/sub,4,125.065,675.664,676.819,674.719,675.348
conv2d_2/convolution,4,124.604,637.697,636.115,638.044,638.798
batch_normalization_2/cond/Merge,4,147.872,605.58,604.796,606.6,605.868
leaky_re_lu_2/sub,4,155.027,599.283,598.15,598.13,598.857
conv2d_3/convolution,4,164.615,582.029,578.818,570.903,582.906
batch_normalization_3/cond/Merge,4,179.953,562.263,551.176,562.188,571.643
leaky_re_lu_3/sub,4,181.792,557.965,557.085,557.826,558.026
conv2d_4/convolution,4,179.405,547.094,555.515,557.189,557.526
batch_normalization_4/cond/Merge,4,194.938,549.491,550.405,541.384,549.475
leaky_re_lu_4/sub,4,188.35,538.742,547.59,546.548,547.268
conv2d_5/convolution,4,202.761,529.923,527.144,522.707,530.884
batch_normalization_5/cond/Merge,4,208.514,506.142,514.388,513.917,515.802
leaky_re_lu_5/sub,4,214.918,507.162,507.163,506.934,514.694
conv2d_6/convolution,4,225.739,493.776,486.024,485.532,500.546
batch_normalization_6/cond/Merge,4,245.361,501.905,500.269,508.944,507.838
leaky_re_lu_6/sub,4,238.247,474.136,483.014,481.416,489.254
conv2d_7/convolution,4,239.626,483.746,476.761,476.094,483.804
batch_normalization_7/cond/Merge,4,242.111,477.148,470.174,474.4,483.426
leaky_re_lu_7/sub,4,242.701,474.89,466.278,482.793,482.166
conv2d_8/convolution,4,257.37,461.314,448.57,463.319,461.621
batch_normalization_8/cond/Merge,4,262.308,451.288,451.451,444.418,457.275
leaky_re_lu_8/sub,4,270.173,454.558,450.459,456.914,461.484
conv2d_9/convolution,4,286.507,425.378,436.13,435.764,434.661
batch_normalization_9/cond/Merge,4,298.712,431.74,429.795,439.244,437.351
leaky_re_lu_9/sub,4,297.66,437.833,432.566,437.024,436.463
conv2d_10/convolution,4,303.23,435.277,434.479,428.907,432.886
batch_normalization_10/cond/Merge,4,306.978,430.576,429.776,429.616,434.579
leaky_re_lu_10/sub,4,310.581,427.908,432.295,423.184,433.262
conv2d_11/convolution,4,322.031,403.907,404.367,409.56,407.686
batch_normalization_11/cond/Merge,4,335.681,410.865,411.839,411.007,409.991
leaky_re_lu_11/sub,4,336.005,404.473,404.463,404.954,402.357
conv2d_12/convolution,4,338.435,400.572,401.219,406.138,399.254
batch_normalization_12/cond/Merge,4,343.945,397.676,398.007,398.729,401.828
leaky_re_lu_12/sub,4,344.073,400.227,398.896,400.217,399.623
conv2d_13/convolution,4,366.537,380.889,385.741,379.967,379.482
batch_normalization_13/cond/Merge,4,367.871,374.937,373.835,371.95,374.855
leaky_re_lu_13/sub,4,368.848,372.141,373.964,369.815,367.589
batch_normalization_22/cond/Merge,4,214.605,7.19343,5.41529,1.73017,1.68106
leaky_re_lu_22/sub,4,215.425,1.20427,1.29676,1.28268,1.30422
conv2d_22/convolution,4,216.026,13.4432,11.7007,12.1853,12.4848
concatenate_1/concat,4,256.675,102.91,102.827,102.825,101.467
conv2d_24/BiasAdd,4,214.75
input_1,4,0,823.455,822.874,825.346,822.421
conv2d_1/convolution,4,62.7967,755.374,752.681,753.507,753.925
batch_normalization_1/cond/Merge,4,108.993,706.363,692.692,689.84,689.725
leaky_re_lu_1/sub,4,131.545,674.924,674.726,674.861,674.688
conv2d_2/convolution,4,127.788,637.464,636.525,636.602,636.657
batch_normalization_2/cond/Merge,4,157.801,616.998,615.715,615.14,614.628
leaky_re_lu_2/sub,4,150.092,599.629,598.924,599.354,600.558
conv2d_3/convolution,4,162.787,579.292,568.717,581.146,581.91
batch_normalization_3/cond/Merge,4,177.951,567.367,555.515,557.15,567.06
leaky_re_lu_3/sub,4,174.617,557.829,561.966,552.224,561.678
conv2d_4/convolution,4,178.495,549.767,554.704,558.553,559.309
batch_normalization_4/cond/Merge,4,187.039,543.986,545.439,548.032,556.179
leaky_re_lu_4/sub,4,196.585,548.666,548.932,546.453,547.317
conv2d_5/convolution,4,203.552,538.24,530.405,539.178,539.013
batch_normalization_5/cond/Merge,4,209.632,513.432,506.271,504.934,522.915
leaky_re_lu_5/sub,4,212.039,517.378,512.737,518.987,520.737
conv2d_6/convolution,4,223.59,491.552,490.64,484.529,499.952
batch_normalization_6/cond/Merge,4,237.013,486.41,485.083,491.654,501.248
leaky_re_lu_6/sub,4,237.4,494.335,486.893,485.93,493.669
conv2d_7/convolution,4,235.527,480.303,477.705,475.87,486.838
batch_normalization_7/cond/Merge,4,242.64,470.988,470.676,478.656,485.471
leaky_re_lu_7/sub,4,252.811,484.647,486.084,478.51,493.303
conv2d_8/convolution,4,261.147,458.164,466.302,450.24,472.877
batch_normalization_8/cond/Merge,4,268.904,456.872,457.264,462.329,463.098
leaky_re_lu_8/sub,4,267.672,450.836,443.446,449.731,457.282
conv2d_9/convolution,4,287.225,444.403,418.41,437.853,442.844
batch_normalization_9/cond/Merge,4,293.862,431.337,431.448,430.377,428.968
leaky_re_lu_9/sub,4,297.984,422.454,429.157,423.014,434.03
conv2d_10/convolution,4,302.295,436.204,423.748,429.963,435.009
batch_normalization_10/cond/Merge,4,300.154,424.657,416.162,416.294,436.095
leaky_re_lu_10/sub,4,314.008,423.053,436.797,437.661,434.747
conv2d_11/convolution,4,328.564,408.454,404.073,405.21,414.125
batch_normalization_11/cond/Merge,4,332.499,409.357,410.578,403.837,408.254
leaky_re_lu_11/sub,4,336.712,404.045,397.058,403.704,407.297
conv2d_12/convolution,4,339.015,400.483,407.355,400.395,400.43
batch_normalization_12/cond/Merge,4,347.045,407.501,401.847,407.928,407.926
leaky_re_lu_12/sub,4,346.969,403.353,402.444,404.584,403.458
conv2d_13/convolution,4,367.407,388.407,379.157,385.18,378.506
batch_normalization_13/cond/Merge,4,367.868,377.329,375.243,373.056,375.052
leaky_re_lu_13/sub,4,367.635,369.179,369.588,370.738,370.008
batch_normalization_22/cond/Merge,4,217.017,6.64839,5.51086,1.62423,1.84523
leaky_re_lu_22/sub,4,214.796,1.13471,1.23467,1.24413,1.421
conv2d_22/convolution,4,222.612,13.3199,13.2256,12.6277,12.3253
concatenate_1/concat,4,250.521,102.104,101.519,99.8473,98.5817
conv2d_24/BiasAdd,4,215.218
input_1,4,0,819.66,821.097,821.735,821.713
conv2d_1/convolution,4,62.972,760.195,759.033,760.122,761.489
batch_normalization_1/cond/Merge,4,112.34,704.072,687.472,703.867,704.33
leaky_re_lu_1/sub,4,125.555,675.112,674.396,675.118,674.957
conv2d_2/convolution,4,129.836,633.716,633.976,632.893,646.661
batch_normalization_2/cond/Merge,4,152.885,611.296,608.464,599.386,610.695
leaky_re_lu_2/sub,4,154.374,601.592,602.616,602.675,614.903
conv2d_3/convolution,4,164.238,572.963,582.244,571.085,583.409
batch_normalization_3/cond/Merge,4,181.027,555.485,566.872,555.525,566.318
leaky_re_lu_3/sub,4,178.401,556.23,556.721,552.579,566.248
conv2d_4/convolution,4,177.79,558.538,549.621,550.541,561.1
batch_normalization_4/cond/Merge,4,194.097,549.658,547.22,547.76,547.51
leaky_re_lu_4/sub,4,194.971,541.633,551.881,540.921,552.147
conv2d_5/convolution,4,201.031,524.46,533.45,531.399,532.518
batch_normalization_5/cond/Merge,4,207.881,507.377,507.739,513.88,523.042
leaky_re_lu_5/sub,4,212.544,508.561,501.975,509.809,517.523
conv2d_6/convolution,4,224.677,495.739,488.834,483.741,512.847
batch_normalization_6/cond/Merge,4,229.405,479.769,480.242,475.83,495.636
leaky_re_lu_6/sub,4,238.298,484.108,483.632,487.954,482.832
conv2d_7/convolution,4,242.993,484.633,483.592,492.61,491.356
batch_normalization_7/cond/Merge,4,245.062,477.118,485.942,479.411,485.858
leaky_re_lu_7/sub,4,247.286,476.015,476.097,469.283,483.43
conv2d_8/convolution,4,259.757,457.435,458.307,456.738,464.3
batch_normalization_8/cond/Merge,4,265.894,449.172,453.692,443.578,461.16
leaky_re_lu_8/sub,4,265.921,451.742,451.553,444.999,459.268
conv2d_9/convolution,4,288.885,433.985,428.353,434.538,439.715
batch_normalization_9/cond/Merge,4,289.992,430.679,429.425,423.745,434.731
leaky_re_lu_9/sub,4,300.398,428.252,421.679,429.049,433.073
conv2d_10/convolution,4,295.412,425.821,422.078,427.636,431.536
batch_normalization_10/cond/Merge,4,303.434,426.96,421.32,412.424,432.147
leaky_re_lu_10/sub,4,302.776,421.686,421.555,428.571,427.552
conv2d_11/convolution,4,337.644,417.033,417.319,417.132,420.844
batch_normalization_11/cond/Merge,4,329.648,402.375,403.104,405.866,405.929
leaky_re_lu_11/sub,4,337.789,407.093,411.99,410.975,411.389
conv2d_12/convolution,4,341.773,409.683,404.695,408.774,408.439
batch_normalization_12/cond/Merge,4,348.953,406.355,411.997,407.654,404.164
leaky_re_lu_12/sub,4,351.224,403.711,399.361,409.287,408.127
conv2d_13/convolution,4,366.575,382.499,382.11,377.208,383.167
batch_normalization_13/cond/Merge,4,375.435,380.872,379.323,380.189,378.777
leaky_re_lu_13/sub,4,370.184,370.937,368.83,372.38,369.585
batch_normalization_22/cond/Merge,4,217.972,6.37424,3.7828,1.68644,1.94824
leaky_re_lu_22/sub,4,214.498,1.22385,1.27677,1.27271,1.31586
conv2d_22/convolution,4,213.561,12.8926,11.9207,11.8511,12.0976
concatenate_1/concat,4,250.512,100.684,99.6756,100.202,99.0324
conv2d_24/BiasAdd,4,211.814
input_1,5,0,1032.67,1029.24,1031.96,1031.95,1031.03
conv2d_1/convolution,5,59.5624,961.44,930.214,930.448,929.497,928.358
batch_normalization_1/cond/Merge,5,118.254,846.772,846.699,844.662,851.115,871.837
leaky_re_lu_1/sub,5,137.337,829.361,832.759,830.789,829.468,829.469
conv2d_2/convolution,5,142.53,799.066,794.286,792.411,796.785,794.776
batch_normalization_2/cond/Merge,5,168.722,730.621,744.789,747.336,748.162,748.017
leaky_re_lu_2/sub,5,174.972,738.862,735.327,722.696,740.78,737.461
conv2d_3/convolution,5,175.211,711.534,706.307,709.348,696.944,709.546
batch_normalization_3/cond/Merge,5,202.302,688.045,689.859,683.353,685.477,687.788
leaky_re_lu_3/sub,5,208.551,692.325,683.492,691.993,692.042,692.278
conv2d_4/convolution,5,205.777,682.72,667.348,678.891,682.978,680.377
batch_normalization_4/cond/Merge,5,221.926,677.119,681.558,680.039,679.009,677.785
leaky_re_lu_4/sub,5,229.35,655.84,669.475,670.496,670.119,668.359
conv2d_5/convolution,5,230.469,637.727,639.716,638.906,640.079,649.978
batch_normalization_5/cond/Merge,5,247.154,608.073,628.63,627.066,616.639,628.664
leaky_re_lu_5/sub,5,255.418,622.764,616.238,634.218,620.107,635.995
conv2d_6/convolution,5,262.536,582.792,586.168,605.867,583.811,604.314
batch_normalization_6/cond/Merge,5,272.786,577.662,590.642,582.207,579.418,588.931
leaky_re_lu_6/sub,5,277.098,579.104,578.502,578.627,579.841,588.525
conv2d_7/convolution,5,288.792,579.057,591.186,591.574,580.985,588.73
batch_normalization_7/cond/Merge,5,288.105,577.242,565.855,576.586,578.919,574.364
leaky_re_lu_7/sub,5,290.146,565.965,566.877,576.892,576.98,574.843
conv2d_8/convolution,5,305.618,556.819,550.482,560.193,552.037,567.482
batch_normalization_8/cond/Merge,5,312.507,544.557,556.362,544.678,544.312,553.581
leaky_re_lu_8/sub,5,320.251,539.115,530.242,526.961,539.571,546.229
conv2d_9/convolution,5,329.145,514.166,512.019,524.035,512.492,510.619
batch_normalization_9/cond/Merge,5,345.647,509.987,508.055,501.911,513.866,516.234
leaky_re_lu_9/sub,5,352.443,506.702,513.896,506.266,497.406,511.159
conv2d_10/convolution,5,348.307,507.221,503.264,505.966,508.429,503.438
batch_normalization_10/cond/Merge,5,358.613,495.081,495.117,503.114,504.941,510.144
leaky_re_lu_10/sub,5,364.995,515.181,521.201,503.265,511.372,509.281
conv2d_11/convolution,5,383.002,480.088,481.73,489.287,488.868,484.675
batch_normalization_11/cond/Merge,5,391.372,475.664,483.322,481.628,481.672,470.251
leaky_re_lu_11/sub,5,399.412,482.767,483.462,485.163,482.719,481.03
conv2d_12/convolution,5,399.469,469.198,469.948,470.559,469.83,474.542
batch_normalization_12/cond/Merge,5,407.974,468.931,473.518,468.02,461.064,472.255
leaky_re_lu_12/sub,5,417.371,479.24,477.307,478.126,467.371,475.505
conv2d_13/convolution,5,435.813,451.736,446.56,448.255,455.256,448.702
batch_normalization_13/cond/Merge,5,430.898,433.138,433.294,433.342,430.965,431.241
leaky_re_lu_13/sub,5,431.465,433.829,428.995,425.926,425.488,427.463
batch_normalization_22/cond/Merge,5,218.002,6.01393,6.62433,2.70022,2.03509,1.99831
leaky_re_lu_22/sub,5,213.763,1.23459,1.37041,1.34546,1.33238,1.46065
conv2d_22/convolution,5,215.034,14.0541,13.8543,11.461,12.1274,11.3949
concatenate_1/concat,5,268.241,111.039,110.813,110.305,109.822,109.585
conv2d_24/BiasAdd,5,216.203
input_1,5,0,1016.72,1049.91,1011.62,1015.44,1050.03
conv2d_1/convolution,5,66.5285,940.862,939.059,942.979,939.807,940.077
batch_normalization_1/cond/Merge,5,114.964,849.294,850.303,850.369,849.675,851.052
leaky_re_lu_1/sub,5,138.494,841.095,840.869,840.777,847.586,840.742
conv2d_2/convolution,5,142.482,787.108,785.022,785.415,784.46,783.045
batch_normalization_2/cond/Merge,5,171.742,776.538,755.099,753.902,736.788,753.599
leaky_re_lu_2/sub,5,175.731,731.78,728.041,730.258,732.784,748.969
conv2d_3/convolution,5,178.726,695.924,710.335,709.311,706.599,707.266
batch_normalization_3/cond/Merge,5,195.717,688.44,691.169,685.521,672.397,691.368
leaky_re_lu_3/sub,5,213.484,678.999,666.007,685.922,695.13,692.463
conv2d_4/convolution,5,206.216,677.352,675.34,692.666,674.55,675.685
batch_normalization_4/cond/Merge,5,214.755,676.13,656.911,664.87,674.631,672.195
leaky_re_lu_4/sub,5,225.664,668.193,671.273,682.36,671.146,683.188
conv2d_5/convolution,5,235.694,652.722,650.651,649.408,633.648,646.563
batch_normalization_5/cond/Merge,5,248.654,621.945,647.779,631.45,632.533,631.408
leaky_re_lu_5/sub,5,252.982,625.932,601.834,611.603,612.364,625.827
conv2d_6/convolution,5,262.525,604.848,604.774,576.514,592.68,615.226
batch_normalization_6/cond/Merge,5,273.292,577.944,587.44,576.115,575.483,597.642
leaky_re_lu_6/sub,5,273.068,590.24,580.037,578.779,568.642,588.634
conv2d_7/convolution,5,276.219,578.113,569.039,567.243,587.016,588.22
batch_normalization_7/cond/Merge,5,289.554,583.924,591.223,576.46,582.336,587.932
leaky_re_lu_7/sub,5,290.841,580.34,576.896,578.196,581.245,578.897
